{"cameraMode":{"drawMode":0,"name":"Shaded","section":"Shading Mode"},"sceneLighting":true,"audioPlay":false,"sceneViewState":{"showFog":true,"showMaterialUpdate":false,"showSkybox":true,"showFlares":true,"showImageEffects":true,"showParticleSystems":true},"in2DMode":false,"pivot":{"x":432.3352355957031,"y":109.1594467163086,"z":1055.681640625},"rotation":{"x":-0.06775359809398651,"y":0.011070765554904938,"z":-0.0007518603815697134,"w":-0.9976404309272766},"size":1601.3546142578125,"orthographic":false}