{"cameraMode":{"drawMode":0,"name":"Shaded","section":"Shading Mode"},"sceneLighting":true,"audioPlay":false,"sceneViewState":{"showFog":true,"showMaterialUpdate":false,"showSkybox":true,"showFlares":true,"showImageEffects":true,"showParticleSystems":true},"in2DMode":false,"pivot":{"x":4.60693359375,"y":6.705322265625,"z":-2.66650390625},"rotation":{"x":0.051414187997579578,"y":0.9086655974388123,"z":0.11758650094270706,"w":-0.3973120450973511},"size":8.165809631347657,"orthographic":true}