{"cameraMode":{"drawMode":0,"name":"Shaded","section":"Shading Mode"},"sceneLighting":true,"audioPlay":false,"sceneViewState":{"showFog":true,"showMaterialUpdate":false,"showSkybox":true,"showFlares":true,"showImageEffects":true,"showParticleSystems":true},"in2DMode":false,"pivot":{"x":-381.5067138671875,"y":-225.1374969482422,"z":306.4798583984375},"rotation":{"x":-0.19350852072238923,"y":0.4249555170536041,"z":-0.09351681172847748,"w":-0.8793303966522217},"size":560.397216796875,"orthographic":false}