{"cameraMode":{"drawMode":0,"name":"Shaded","section":"Shading Mode"},"sceneLighting":true,"audioPlay":false,"sceneViewState":{"showFog":true,"showMaterialUpdate":false,"showSkybox":true,"showFlares":true,"showImageEffects":true,"showParticleSystems":true},"in2DMode":false,"pivot":{"x":-266.3871765136719,"y":-58.18212890625,"z":486.4009094238281},"rotation":{"x":-0.05287771672010422,"y":0.24768900871276856,"z":-0.013539527542889119,"w":-0.9673007726669312},"size":560.397216796875,"orthographic":false}