{"cameraMode":{"drawMode":0,"name":"Shaded","section":"Shading Mode"},"sceneLighting":true,"audioPlay":false,"sceneViewState":{"showFog":true,"showMaterialUpdate":false,"showSkybox":true,"showFlares":true,"showImageEffects":true,"showParticleSystems":true},"in2DMode":false,"pivot":{"x":-8.224802017211914,"y":-1.2988982200622559,"z":3.0441527366638185},"rotation":{"x":-0.06544456630945206,"y":-0.6665049195289612,"z":-0.05892390385270119,"w":0.7402812242507935},"size":5.7974090576171879,"orthographic":false}