{"cameraMode":{"drawMode":0,"name":"Shaded","section":"Shading Mode"},"sceneLighting":true,"audioPlay":false,"sceneViewState":{"showFog":true,"showMaterialUpdate":false,"showSkybox":true,"showFlares":true,"showImageEffects":true,"showParticleSystems":true},"in2DMode":false,"pivot":{"x":-0.7596611976623535,"y":1.1062660217285157,"z":1.0586680173873902},"rotation":{"x":-0.0639079287648201,"y":0.7161680459976196,"z":-0.06615566462278366,"w":-0.6918399333953857},"size":5.715777397155762,"orthographic":false}