{"cameraMode":{"drawMode":0,"name":"Shaded","section":"Shading Mode"},"sceneLighting":true,"audioPlay":false,"sceneViewState":{"showFog":true,"showMaterialUpdate":false,"showSkybox":true,"showFlares":true,"showImageEffects":true,"showParticleSystems":true},"in2DMode":false,"pivot":{"x":-6.495287895202637,"y":-1.6175909042358399,"z":-2.7614049911499025},"rotation":{"x":-0.03641587868332863,"y":0.8823357224464417,"z":-0.06923702359199524,"w":-0.4640730917453766},"size":15.547847747802735,"orthographic":false}