{"cameraMode":{"drawMode":0,"name":"Shaded","section":"Shading Mode"},"sceneLighting":true,"audioPlay":false,"sceneViewState":{"showFog":true,"showMaterialUpdate":false,"showSkybox":true,"showFlares":true,"showImageEffects":true,"showParticleSystems":true},"in2DMode":false,"pivot":{"x":1.016401767730713,"y":2.140531063079834,"z":-1.8125348091125489},"rotation":{"x":-0.03295343741774559,"y":0.9520522356033325,"z":-0.11075259745121002,"w":-0.28327468037605288},"size":11.16002368927002,"orthographic":false}