{"cameraMode":{"drawMode":0,"name":"Shaded","section":"Shading Mode"},"sceneLighting":true,"audioPlay":false,"sceneViewState":{"showFog":false,"showMaterialUpdate":false,"showSkybox":false,"showFlares":false,"showImageEffects":false,"showParticleSystems":false},"in2DMode":false,"pivot":{"x":27.64772605895996,"y":-12.368870735168457,"z":-26.999874114990236},"rotation":{"x":0.048111692070961,"y":0.9313331246376038,"z":-0.1336231529712677,"w":0.33533385396003725},"size":46.69820785522461,"orthographic":false}