{"cameraMode":{"drawMode":0,"name":"Shaded","section":"Shading Mode"},"sceneLighting":false,"audioPlay":false,"sceneViewState":{"showFog":true,"showMaterialUpdate":false,"showSkybox":false,"showFlares":true,"showImageEffects":true,"showParticleSystems":true},"in2DMode":false,"pivot":{"x":0.6318026781082153,"y":0.21509194374084474,"z":0.41540414094924929},"rotation":{"x":0.02391979657113552,"y":-0.9239637851715088,"z":0.05858856439590454,"w":0.3772083818912506},"size":0.3715641498565674,"orthographic":false}