{"cameraMode":{"drawMode":0,"name":"Shaded","section":"Shading Mode"},"sceneLighting":true,"audioPlay":false,"sceneViewState":{"showFog":true,"showMaterialUpdate":false,"showSkybox":true,"showFlares":true,"showImageEffects":true,"showParticleSystems":true},"in2DMode":false,"pivot":{"x":1.284837245941162,"y":1.01605224609375,"z":-5.051064491271973},"rotation":{"x":-0.21514290571212769,"y":0.14498808979988099,"z":-0.032316822558641437,"w":-0.9652189612388611},"size":9.53744888305664,"orthographic":false}