{"cameraMode":{"drawMode":0,"name":"Shaded","section":"Shading Mode"},"sceneLighting":true,"audioPlay":false,"sceneViewState":{"showFog":false,"showMaterialUpdate":false,"showSkybox":false,"showFlares":false,"showImageEffects":false,"showParticleSystems":false},"in2DMode":false,"pivot":{"x":23.41718864440918,"y":-10.151107788085938,"z":23.238731384277345},"rotation":{"x":0.12484279274940491,"y":0.48803019523620608,"z":-0.07076779007911682,"w":0.8609487414360046},"size":46.69820785522461,"orthographic":false}