{"cameraMode":{"drawMode":0,"name":"Shaded","section":"Shading Mode"},"sceneLighting":true,"audioPlay":false,"sceneViewState":{"showFog":true,"showMaterialUpdate":false,"showSkybox":true,"showFlares":true,"showImageEffects":true,"showParticleSystems":true},"in2DMode":false,"pivot":{"x":3.0883843898773195,"y":1.9511258602142335,"z":-1.2574201822280884},"rotation":{"x":0.0824132189154625,"y":-0.46479490399360659,"z":0.04350274056196213,"w":0.8805006742477417},"size":0.6969554424285889,"orthographic":false}