{"cameraMode":{"drawMode":0,"name":"Shaded","section":"Shading Mode"},"sceneLighting":false,"audioPlay":false,"sceneViewState":{"showFog":true,"showMaterialUpdate":false,"showSkybox":false,"showFlares":true,"showImageEffects":true,"showParticleSystems":true},"in2DMode":false,"pivot":{"x":0.5684812068939209,"y":0.08856315910816193,"z":-0.22646644711494447},"rotation":{"x":0.1637824922800064,"y":-0.5927690863609314,"z":0.1246868297457695,"w":0.7786227464675903},"size":0.4156649112701416,"orthographic":false}