{"cameraMode":{"drawMode":0,"name":"Shaded","section":"Shading Mode"},"sceneLighting":false,"audioPlay":false,"sceneViewState":{"showFog":true,"showMaterialUpdate":false,"showSkybox":false,"showFlares":true,"showImageEffects":true,"showParticleSystems":true},"in2DMode":false,"pivot":{"x":0.18801209330558778,"y":1.0,"z":0.16500496864318849},"rotation":{"x":0.0824132189154625,"y":-0.46479490399360659,"z":0.04350274056196213,"w":0.8805006742477417},"size":4.5673627853393559,"orthographic":false}