{"cameraMode":{"drawMode":0,"name":"Shaded","section":"Shading Mode"},"sceneLighting":false,"audioPlay":false,"sceneViewState":{"showFog":true,"showMaterialUpdate":false,"showSkybox":false,"showFlares":true,"showImageEffects":true,"showParticleSystems":true},"in2DMode":false,"pivot":{"x":1.1116684675216675,"y":0.5261362195014954,"z":2.4334683418273927},"rotation":{"x":-0.003391220699995756,"y":0.9944896101951599,"z":-0.09910595417022705,"w":-0.03401435166597366},"size":2.9957261085510256,"orthographic":false}