{"cameraMode":{"drawMode":0,"name":"Shaded","section":"Shading Mode"},"sceneLighting":true,"audioPlay":false,"sceneViewState":{"showFog":true,"showMaterialUpdate":false,"showSkybox":true,"showFlares":true,"showImageEffects":true,"showParticleSystems":true},"in2DMode":false,"pivot":{"x":2.7007968425750734,"y":-1.3588157892227173,"z":2.320225238800049},"rotation":{"x":-0.07084660232067108,"y":-0.861206591129303,"z":0.12516017258167268,"w":-0.4874822199344635},"size":11.890347480773926,"orthographic":false}