{"cameraMode":{"drawMode":0,"name":"Shaded","section":"Shading Mode"},"sceneLighting":true,"audioPlay":false,"sceneViewState":{"showFog":true,"showMaterialUpdate":false,"showSkybox":true,"showFlares":true,"showImageEffects":true,"showParticleSystems":true},"in2DMode":false,"pivot":{"x":2.770024538040161,"y":4.24790096282959,"z":-8.617154121398926},"rotation":{"x":-0.17195509374141694,"y":0.0032345629297196867,"z":-0.0005646867211908102,"w":-0.9850993752479553},"size":0.3533535599708557,"orthographic":false}