{"cameraMode":{"drawMode":0,"name":"Shaded","section":"Shading Mode"},"sceneLighting":false,"audioPlay":false,"sceneViewState":{"showFog":true,"showMaterialUpdate":false,"showSkybox":false,"showFlares":true,"showImageEffects":true,"showParticleSystems":true},"in2DMode":false,"pivot":{"x":-2.082913398742676,"y":-0.5962132811546326,"z":-1.7613266706466675},"rotation":{"x":-0.0335053876042366,"y":0.8786200284957886,"z":-0.06233369931578636,"w":-0.47224870324134829},"size":6.944283962249756,"orthographic":false}