{"cameraMode":{"drawMode":0,"name":"Shaded","section":"Shading Mode"},"sceneLighting":true,"audioPlay":false,"sceneViewState":{"showFog":true,"showMaterialUpdate":false,"showSkybox":true,"showFlares":true,"showImageEffects":true,"showParticleSystems":true},"in2DMode":false,"pivot":{"x":0.7282640933990479,"y":1.6691495180130005,"z":-0.534936785697937},"rotation":{"x":0.07617323845624924,"y":-0.12202999740839005,"z":0.009392483159899712,"w":0.9895545244216919},"size":0.09695545583963394,"orthographic":false}