{"cameraMode":{"drawMode":0,"name":"Shaded","section":"Shading Mode"},"sceneLighting":true,"audioPlay":false,"sceneViewState":{"showFog":true,"showMaterialUpdate":false,"showSkybox":true,"showFlares":true,"showImageEffects":true,"showParticleSystems":true},"in2DMode":false,"pivot":{"x":-1.8774296045303345,"y":2.1398823261260988,"z":-0.05710612237453461},"rotation":{"x":0.11683406680822373,"y":0.7625773549079895,"z":-0.14374518394470216,"w":0.6198088526725769},"size":1.2533535957336426,"orthographic":false}