{"cameraMode":{"drawMode":0,"name":"Shaded","section":"Shading Mode"},"sceneLighting":true,"audioPlay":false,"sceneViewState":{"showFog":false,"showMaterialUpdate":false,"showSkybox":false,"showFlares":false,"showImageEffects":false,"showParticleSystems":false},"in2DMode":false,"pivot":{"x":29.721010208129884,"y":-5.798247814178467,"z":10.30782699584961},"rotation":{"x":0.07485318928956986,"y":0.6217783093452454,"z":-0.059876687824726108,"w":0.7773053646087647},"size":46.69820785522461,"orthographic":false}